medcodeid,term,snomedct_conceptid,snomedct_descriptionid,eth16_2001,eth18_2011,eth19_2021
141431000000111,scottish - ethnic category 2001 census,92541000000108,141431000000111,British,"English, Welsh, Scottish, Northern Irish or British","English, Welsh, Scottish, Northern Irish or British"
2486161000000112,white - northern ireland ethnic category 2011 census,977351000000100,2486161000000112,British,"English, Welsh, Scottish, Northern Irish or British","English, Welsh, Scottish, Northern Irish or British"
141451000000116,northern irish - ethnic category 2001 census,92561000000109,141451000000116,British,"English, Welsh, Scottish, Northern Irish or British","English, Welsh, Scottish, Northern Irish or British"
1780408016,other white british ethnic group,401214002,1780408016,British,"English, Welsh, Scottish, Northern Irish or British","English, Welsh, Scottish, Northern Irish or British"
2487321000000116,white: other british - scotland ethnic category 2011 census,977931000000106,2487321000000116,British,"English, Welsh, Scottish, Northern Irish or British","English, Welsh, Scottish, Northern Irish or British"
1564391000006113,british,1564391000006109,1564391000006113,British,"English, Welsh, Scottish, Northern Irish or British","English, Welsh, Scottish, Northern Irish or British"
1968051000006116,white:eng/welsh/scot/ni/brit - england and wales 2011 census,976631000000101,2484631000000115,British,"English, Welsh, Scottish, Northern Irish or British","English, Welsh, Scottish, Northern Irish or British"
158341000000117,british or mixed british - ethnic category 2001 census,92391000000108,158341000000117,British,"English, Welsh, Scottish, Northern Irish or British","English, Welsh, Scottish, Northern Irish or British"
459726019,white british,315236000,459726019,British,"English, Welsh, Scottish, Northern Irish or British","English, Welsh, Scottish, Northern Irish or British"
196641000006110,race: caucasian,413773004,2537215011,British,"English, Welsh, Scottish, Northern Irish or British","English, Welsh, Scottish, Northern Irish or British"
1780407014,white scottish,401213008,1780407014,British,"English, Welsh, Scottish, Northern Irish or British","English, Welsh, Scottish, Northern Irish or British"
1063981000000117,white british - ethnic category 2001 census,494131000000105,1063981000000117,British,"English, Welsh, Scottish, Northern Irish or British","English, Welsh, Scottish, Northern Irish or British"
2487281000000112,white: scottish - scotland ethnic category 2011 census,977911000000103,2487281000000112,British,"English, Welsh, Scottish, Northern Irish or British","English, Welsh, Scottish, Northern Irish or British"
157281000000117,english - ethnic category 2001 census,110761000000106,157281000000117,British,"English, Welsh, Scottish, Northern Irish or British","English, Welsh, Scottish, Northern Irish or British"
142691000000116,ulster scots - ethnic category 2001 census,93921000000101,142691000000116,British,"English, Welsh, Scottish, Northern Irish or British","English, Welsh, Scottish, Northern Irish or British"
6846371000006111,caucasian,413773004,2533842018,British,"English, Welsh, Scottish, Northern Irish or British","English, Welsh, Scottish, Northern Irish or British"
285925010,white,185984009,285925010,British,"English, Welsh, Scottish, Northern Irish or British","English, Welsh, Scottish, Northern Irish or British"
141441000000119,welsh - ethnic category 2001 census,92551000000106,141441000000119,British,"English, Welsh, Scottish, Northern Irish or British","English, Welsh, Scottish, Northern Irish or British"
141461000000118,cornish - ethnic category 2001 census,92571000000102,141461000000118,British,"English, Welsh, Scottish, Northern Irish or British","English, Welsh, Scottish, Northern Irish or British"
2484671000000118,white: irish - england and wales ethnic category 2011 census,976651000000108,2484671000000118,Irish,Irish,Irish
2487361000000112,white: irish - scotland ethnic category 2011 census,977951000000104,2487361000000112,Irish,Irish,Irish
1564961000006118,irish,1564961000006102,1564961000006118,Irish,Irish,Irish
285978014,irish (nmo),186014006,285978014,Irish,Irish,Irish
1064041000000111,white irish - ethnic category 2001 census,494161000000100,1064041000000111,Irish,Irish,Irish
141301000000110,irish - ethnic category 2001 census,92401000000106,141301000000110,Irish,Irish,Irish
459727011,white irish,315237009,459727011,Irish,Irish,Irish
937411000006115,other white or white unspecified ethnic category 2001 census,94051000000109,158491000000118,Any other White background,Any other White background,Any other White background
937311000006113,commonwealth (russian) indep states - ethn categ 2001 census,88961000000104,138221000000118,Any other White background,Any other White background,Any other White background
138201000000110,polish - ethnic category 2001 census,88941000000100,138201000000110,Any other White background,Any other White background,Any other White background
142791000000111,other mixed white - ethnic category 2001 census,94031000000102,142791000000111,Any other White background,Any other White background,Any other White background
138191000000113,gypsy/romany - ethnic category 2001 census,88931000000109,138191000000113,Any other White background,Gypsy or Irish Traveller,Roma
138231000000116,albanian - ethnic category 2001 census,88971000000106,138231000000116,Any other White background,Any other White background,Any other White background
713341000000111,british israelite,368051000000100,713341000000111,Any other ethnic group,Any other ethnic group,Any other ethnic group
459728018,other white ethnic group,185984009,285926011,Any other White background,Any other White background,Any other White background
142741000000118,kosovan - ethnic category 2001 census,93981000000100,142741000000118,Any other White background,Any other White background,Any other White background
285987017,other european (nmo),186017004,285987017,Any other White background,Any other White background,Any other White background
157991000000110,serbian - ethnic category 2001 census,88981000000108,157991000000110,Any other White background,Any other White background,Any other White background
411594011,greek (nmo),275599007,411594011,Any other White background,Any other White background,Any other White background
937371000006116,other republics former yugoslavia - ethnic categ 2001 census,94011000000105,142771000000112,Any other White background,Any other White background,Any other White background
1968251000006113,irish traveller - northern ireland ethnic cat 2011 census,977371000000109,2486201000000116,Any other White background,Gypsy or Irish Traveller,Gypsy or Irish Traveller
138171000000114,irish traveller - ethnic category 2001 census,88911000000101,138171000000114,Any other White background,Gypsy or Irish Traveller,Gypsy or Irish Traveller
142721000000113,turkish cypriot - ethnic category 2001 census,93951000000106,142721000000113,Any other White background,Any other White background,Any other White background
1968081000006112,white: other white backgrd- eng+wales ethnic cat 2011 census,976691000000100,2484751000000118,Any other White background,Any other White background,Any other White background
142751000000115,bosnian - ethnic category 2001 census,93991000000103,142751000000115,Any other White background,Any other White background,Any other White background
2645811000000115,roma ethnic group,718958002,2678971000000113,Any other White background,Any other White background,Roma
937391000006115,oth white european/european unsp/mixed european 2001 census,94041000000106,142801000000110,Any other White background,Any other White background,Any other White background
1968461000006111,white: other white ethnic grp- scotland ethnic cat 2011 cens,978031000000109,2487521000000113,Any other White background,Any other White background,Any other White background
156921000000110,turkish - ethnic category 2001 census,110401000000103,156921000000110,Any other White background,Any other White background,Any other White background
141661000000115,cypriot (part not stated) - ethnic category 2001 census,92791000000109,141661000000115,Any other White background,Any other White background,Any other White background
411595012,greek cypriot (nmo),275600005,411595012,Any other White background,Any other White background,Any other White background
142761000000117,croatian - ethnic category 2001 census,94001000000108,142761000000117,Any other White background,Any other White background,Any other White background
937301000006110,baltic estonian/latvian/lithuanian - ethn categ 2001 census,88951000000102,138211000000112,Any other White background,Any other White background,Any other White background
141311000000112,other white background - ethnic category 2001 census,92411000000108,141311000000112,Any other White background,Any other White background,Any other White background
138181000000111,traveller - ethnic category 2001 census,88921000000107,138181000000111,Any other White background,Gypsy or Irish Traveller,Gypsy or Irish Traveller
158481000000115,italian - ethnic category 2001 census,93961000000109,158481000000115,Any other White background,Any other White background,Any other White background
142711000000119,greek cypriot - ethnic category 2001 census,93941000000108,142711000000119,Any other White background,Any other White background,Any other White background
1968441000006112,white: gypsy/irish traveller - scotland ethnic cat 2011 cens,977971000000108,2487401000000115,Any other White background,Gypsy or Irish Traveller,Gypsy or Irish Traveller
142701000000116,greek - ethnic category 2001 census,93931000000104,142701000000116,Any other White background,Any other White background,Any other White background
411597016,turkish cypriot (nmo),275602002,411597016,Any other White background,Any other White background,Any other White background
2487481000000113,white: polish - scotland ethnic category 2011 census,978011000000101,2487481000000113,Any other White background,Any other White background,Any other White background
459786016,irish traveller,315283003,459786016,Any other White background,Gypsy or Irish Traveller,Gypsy or Irish Traveller
405071018,turkish/turkish cypriot (nmo),270467002,405071018,Any other White background,Any other White background,Any other White background
405070017,greek/greek cypriot (nmo),270466006,405070017,Any other White background,Any other White background,Any other White background
411596013,turkish (nmo),275601009,411596013,Any other White background,Any other White background,Any other White background
142781000000114,mixed irish and other white - ethnic category 2001 census,94021000000104,142781000000114,Any other Mixed background,Any other Mixed or multiple ethnic background,Any other Mixed or multiple ethnic background
1968071000006114,white: gypsy/irish traveller - eng+wales eth cat 2011 census,976671000000104,2484711000000117,Any other White background,Gypsy or Irish Traveller,Gypsy or Irish Traveller
141321000000118,white and black caribbean - ethnic category 2001 census,92421000000102,141321000000118,White and Black Caribbean,White and Black Caribbean,White and Black Caribbean
460153018,black caribbean and white,315634007,460153018,White and Black Caribbean,White and Black Caribbean,White and Black Caribbean
1968091000006110,mixed: white+black caribbean - eng+wales eth cat 2011 census,976711000000103,2484791000000114,White and Black Caribbean,White and Black Caribbean,White and Black Caribbean
1968261000006110,mixed: white and black caribbean - ni ethnic cat 2011 census,977391000000108,2486241000000118,White and Black Caribbean,White and Black Caribbean,White and Black Caribbean
141331000000116,white and black african - ethnic category 2001 census,92431000000100,141331000000116,White and Black African,White and Black African,White and Black African
460154012,black african and white,315635008,460154012,White and Black African,White and Black African,White and Black African
1968101000006116,mixed: white+black african - eng+wales eth cat 2011 census,976731000000106,2484831000000119,White and Black African,White and Black African,White and Black African
196611000006111,race: afro-caucasian,413466005,2533841013,White and Black African,White and Black African,White and Black African
1968271000006115,mixed: white and black african - ni ethnic cat 2011 census,977411000000108,2486281000000114,White and Black African,White and Black African,White and Black African
141341000000113,white and asian - ethnic category 2001 census,92441000000109,141341000000113,White and Asian,White and Asian,White and Asian
285991010,"other ethnic, asian/white orig",186021006,285991010,White and Asian,White and Asian,White and Asian
1968111000006118,mixed: white+asian - eng+wales ethnic category 2011 census,976751000000104,2484871000000117,White and Asian,White and Asian,White and Asian
1968281000006117,mixed: white and asian - ni ethnic category 2011 census,977431000000100,2486321000000118,White and Asian,White and Asian,White and Asian
157291000000115,black and white - ethnic category 2001 census,110771000000104,157291000000115,Any other Mixed background,Any other Mixed or multiple ethnic background,Any other Mixed or multiple ethnic background
285992015,"other ethnic, mixed white orig",186022004,285992015,Any other Mixed background,Any other Mixed or multiple ethnic background,Any other Mixed or multiple ethnic background
4740401000006118,"other ethnic, other mixed origin",186023009,2668813019,Any other Mixed background,Any other Mixed or multiple ethnic background,Any other Mixed or multiple ethnic background
141471000000113,black and asian - ethnic category 2001 census,92581000000100,141471000000113,Any other Mixed background,Any other Mixed or multiple ethnic background,Any other Mixed or multiple ethnic background
4740341000006112,"other ethnic, black/white origin",186020007,2763938013,Any other Mixed background,Any other Mixed or multiple ethnic background,Any other Mixed or multiple ethnic background
937511000006119,other mixed or mixed unspecified ethnic category 2001 census,92621000000100,141501000000118,Any other Mixed background,Any other Mixed or multiple ethnic background,Any other Mixed or multiple ethnic background
459729014,mixed ethnic census group,315239007,459729014,Any other Mixed background,Any other Mixed or multiple ethnic background,Any other Mixed or multiple ethnic background
285993013,"other ethnic, other mixed orig",186023009,285993013,Any other Mixed background,Any other Mixed or multiple ethnic background,Any other Mixed or multiple ethnic background
1968291000006119,mixed: other mixed/multiple ethnic backgrd - ni 2011 census,977551000000106,2486561000000119,Any other Mixed background,Any other Mixed or multiple ethnic background,Any other Mixed or multiple ethnic background
285952017,other black - black/white orig,185999009,285952017,Any other Mixed background,Any other Mixed or multiple ethnic background,Any other Mixed or multiple ethnic background
285990011,"other ethnic, black/white orig",186020007,285990011,Any other Mixed background,Any other Mixed or multiple ethnic background,Any other Mixed or multiple ethnic background
285953010,other black - black/asian orig,186000006,285953010,Any other Mixed background,Any other Mixed or multiple ethnic background,Any other Mixed or multiple ethnic background
141481000000110,black and chinese - ethnic category 2001 census,92591000000103,141481000000110,Any other Mixed background,Any other Mixed or multiple ethnic background,Any other Mixed or multiple ethnic background
285989019,"other ethnic, mixed origin",186019001,285989019,Any other Mixed background,Any other Mixed or multiple ethnic background,Any other Mixed or multiple ethnic background
1968471000006116,mixed/multiple ethnic grps: any- scot ethnic cat 2011 census,978051000000102,2487561000000117,Any other Mixed background,Any other Mixed or multiple ethnic background,Any other Mixed or multiple ethnic background
141491000000112,chinese and white - ethnic category 2001 census,92601000000109,141491000000112,White and Asian,White and Asian,White and Asian
4740361000006111,"other ethnic, asian/white origin",186021006,2764123018,White and Asian,White and Asian,White and Asian
158361000000116,asian and chinese - ethnic category 2001 census,92611000000106,158361000000116,White and Asian,White and Asian,White and Asian
141351000000111,other mixed background - ethnic category 2001 census,92451000000107,141351000000111,Any other Mixed background,Any other Mixed or multiple ethnic background,Any other Mixed or multiple ethnic background
4740381000006118,"other ethnic, mixed white origin",186022004,2668812012,Any other Mixed background,Any other Mixed or multiple ethnic background,Any other Mixed or multiple ethnic background
781081000006113,indian,414481008,2533844017,Indian,Indian,Indian
1968131000006112,asian/asian brit: indian - eng+wales ethnic cat 2011 census,976791000000107,2484951000000116,Indian,Indian,Indian
1968301000006118,asian or asian british: indian - ni ethnic cat 2011 census,977591000000103,2486641000000116,Indian,Indian,Indian
157271000000119,indian or british indian - ethnic category 2001 census,110751000000108,157271000000119,Indian,Indian,Indian
1564921000006112,indian,1564921000006108,1564921000006112,Indian,Indian,Indian
285954016,indian,414481008,2533844017,Indian,Indian,Indian
1968491000006115,"asian: indian, indian scot/indian brit- scotland 2011 census",978111000000100,2487681000000110,Indian,Indian,Indian
250228011,indian origin,160519009,250228011,Indian,Indian,Indian
1968141000006119,asian/asian british:pakistani- eng+wales eth cat 2011 census,976811000000108,2484991000000112,Pakistani,Pakistani,Pakistani
141361000000114,pakistani or british pakistani - ethnic category 2001 census,92461000000105,141361000000114,Pakistani,Pakistani,Pakistani
285955015,pakistani,186002003,285955015,Pakistani,Pakistani,Pakistani
1565441000006111,pakistani,1565441000006107,1565441000006111,Pakistani,Pakistani,Pakistani
1968311000006115,asian/asian british: pakistani - ni ethnic cat 2011 census,977711000000100,2486881000000113,Pakistani,Pakistani,Pakistani
196721000006111,race: pakistani,186002003,285955015,Pakistani,Pakistani,Pakistani
1968481000006118,asian: pakistani/pakistani scot/pakistani brit- scot 2011,978071000000106,2487601000000117,Pakistani,Pakistani,Pakistani
1564291000006119,bangladeshi,1564291000006103,1564291000006119,Bangladeshi,Bangladeshi,Bangladeshi
1968501000006111,"bangladeshi, bangladeshi scot or bangladeshi brit- scot 2011",978171000000105,2487801000000118,Bangladeshi,Bangladeshi,Bangladeshi
196631000006117,race: bangladeshi,186003008,285956019,Bangladeshi,Bangladeshi,Bangladeshi
285956019,bangladeshi,186003008,285956019,Bangladeshi,Bangladeshi,Bangladeshi
1968321000006111,asian/asian british: bangladeshi - ni ethnic cat 2011 census,977731000000108,2486921000000119,Bangladeshi,Bangladeshi,Bangladeshi
937541000006115,bangladeshi or british bangladeshi - ethn categ 2001 census,92471000000103,141371000000119,Bangladeshi,Bangladeshi,Bangladeshi
1968151000006117,asian/asian brit: bangladeshi- eng+wales eth cat 2011 census,976831000000100,2485031000000111,Bangladeshi,Bangladeshi,Bangladeshi
286020010,other asian,315280000,459783012,Any other Asian background,Any other Asian background,Any other Asian background
405069018,e afric asian/indo-carib (nmo),270465005,405069018,Any other Asian background,Any other Asian background,Any other Asian background
141541000000115,east african asian - ethnic category 2001 census,92661000000108,141541000000115,Any other Asian background,Any other Asian background,Any other Asian background
141521000000110,punjabi - ethnic category 2001 census,92641000000107,141521000000110,Any other Asian background,Any other Asian background,Any other Asian background
141571000000114,caribbean asian - ethnic category 2001 census,92691000000102,141571000000114,Any other Asian background,Any other Asian background,Any other Asian background
250243013,race: west indian,160531006,250243013,Caribbean,Caribbean,Caribbean
1968341000006116,asian/asian british: other asian - ni ethnic cat 2011 census,977771000000105,2487001000000110,Any other Asian background,Any other Asian background,Any other Asian background
141381000000117,other asian background - ethnic category 2001 census,92481000000101,141381000000117,Any other Asian background,Any other Asian background,Any other Asian background
937651000006117,other asian or asian unspecified ethnic category 2001 census,92701000000102,141581000000111,Any other Asian background,Any other Asian background,Any other Asian background
411584018,indo-caribbean (nmo),275597009,411584018,Any other Asian background,Any other Asian background,Any other Asian background
411583012,east african asian (nmo),275596000,411583012,Any other Asian background,Any other Asian background,Any other Asian background
136081000000111,sri lankan - ethnic category 2001 census,86461000000107,136081000000111,Any other Asian background,Any other Asian background,Any other Asian background
1968171000006110,asian/asian brit: other asian- eng+wales eth cat 2011 census,976871000000103,2485111000000119,Any other Asian background,Any other Asian background,Any other Asian background
141531000000112,kashmiri - ethnic category 2001 census,92651000000105,141531000000112,Any other Asian background,Any other Asian background,Any other Asian background
141511000000116,mixed asian - ethnic category 2001 census,92631000000103,141511000000116,Any other Mixed background,Any other Mixed or multiple ethnic background,Any other Mixed or multiple ethnic background
250231012,west indian origin,160522006,250231012,Caribbean,Caribbean,Caribbean
285977016,other asian (nmo),186013000,285977016,Any other Asian background,Any other Asian background,Any other Asian background
459784018,other asian ethnic group,315281001,459784018,Any other Asian background,Any other Asian background,Any other Asian background
141551000000117,tamil - ethnic category 2001 census,92671000000101,141551000000117,Any other Asian background,Any other Asian background,Any other Asian background
157301000000116,sinhalese - ethnic category 2001 census,110781000000102,157301000000116,Any other Asian background,Any other Asian background,Any other Asian background
285976013,indian sub-continent (nmo),186012005,285976013,Any other Asian background,Any other Asian background,Any other Asian background
1968521000006118,asian: other asian group - scotland ethnic cat 2011 census,978211000000108,2487891000000113,Any other Asian background,Any other Asian background,Any other Asian background
250224013,asian origin,160515003,250224013,Indian,Indian,Indian
141561000000119,british asian - ethnic category 2001 census,92681000000104,141561000000119,Indian,Indian,Indian
412016016,o/e - asian origin,276029002,412016016,Indian,Indian,Indian
1968361000006117,black/afri/carib/black brit: caribbean- ni eth cat 2011 cens,977811000000105,2487081000000117,Caribbean,Caribbean,Caribbean
1968551000006110,carib/black: caribbean/carib scot/carib brit- scotland 2011,978271000000103,2488011000000113,Caribbean,Caribbean,Caribbean
154401000000118,caribbean - ethnic category 2001 census,107691000000105,154401000000118,Caribbean,Caribbean,Caribbean
5516681000006114,black caribbean/west india/guyana,270460000,2983029017,Caribbean,Caribbean,Caribbean
514611000006111,black caribbean,185988007,285930014,Caribbean,Caribbean,Caribbean
1968191000006111,black/african/caribbn/black brit: caribbean - eng+wales 2011,976911000000101,2485191000000111,Caribbean,Caribbean,Caribbean
1564491000006115,central african,1564491000006104,1564491000006115,African,African,African
1968181000006113,black/african/carib/black brit: african- eng+wales 2011 cens,976891000000104,2485151000000115,African,African,African
285943014,black - other african country,185993005,285943014,African,African,African
285971015,other african countries (nmo),186010002,285971015,African,African,African
4917081000006119,central african republic,223522008,336370018,African,African,African
141391000000115,african - ethnic category 2001 census,92491000000104,141391000000115,African,African,African
1968351000006119,black/afri/carib/black brit: african- ni eth cat 2011 census,977791000000109,2487041000000113,African,African,African
250223019,african origin,160514004,250223019,African,African,African
1968531000006115,african: african/african scot/african brit - scotland 2011,978231000000100,2487931000000115,African,African,African
1565711000006118,south african,1565711000006102,1565711000006118,African,African,African
1968541000006113,african: any other african - scotland ethnic cat 2011 census,978251000000107,2487971000000118,African,African,African
30683015,black african,18167009,30683015,African,African,African
453110019,black guyana,309644006,453110019,Caribbean,Caribbean,Caribbean
459782019,other black ethnic group,315279003,459782019,Any other Black background,"Any other Black, African or Caribbean background","Any other Black, Black British or Caribbean background"
411574019,black arab,275587000,411574019,Any other Black background,Arab,Arab
158351000000119,other black background - ethnic category 2001 census,92501000000105,158351000000119,Any other Black background,"Any other Black, African or Caribbean background","Any other Black, Black British or Caribbean background"
411580010,guyana (nmo),275593008,411580010,Caribbean,Caribbean,Caribbean
411578016,caribbean island (nmo),275591005,411578016,Caribbean,Caribbean,Caribbean
285948017,black indian sub-continent,185995003,285948017,Any other Black background,"Any other Black, African or Caribbean background","Any other Black, Black British or Caribbean background"
285950013,black black - other,185989004,285931013,Any other Black background,"Any other Black, African or Caribbean background","Any other Black, Black British or Caribbean background"
196601000006113,race: afro-caribbean,413465009,2533840014,African,African,African
285932018,black british,185990008,285932018,African,African,African
453109012,black west indian,309643000,453109012,Caribbean,Caribbean,Caribbean
411573013,black north african,275586009,411573013,African,African,African
285931013,"black, other, non-mixed origin",185989004,285931013,Any other Black background,"Any other Black, African or Caribbean background","Any other Black, Black British or Caribbean background"
141591000000113,somali - ethnic category 2001 census,92711000000100,141591000000113,Any other Black background,"Any other Black, African or Caribbean background","Any other Black, Black British or Caribbean background"
405067016,caribbean i./w.i./guyana (nmo),270463003,405067016,Caribbean,Caribbean,Caribbean
937731000006115,other black or black unspecified ethnic category 2001 census,92741000000104,141611000000117,Any other Black background,"Any other Black, African or Caribbean background","Any other Black, Black British or Caribbean background"
141601000000119,nigerian - ethnic category 2001 census,92731000000108,141601000000119,African,African,African
405064011,black caribbean/w.i./guyana,270460000,405064011,Caribbean,Caribbean,Caribbean
1968571000006117,carib/black: any other black/caribbean grp - scotland 2011,978361000000101,2488221000000112,Any other Black background,"Any other Black, African or Caribbean background","Any other Black, Black British or Caribbean background"
158371000000111,mixed black - ethnic category 2001 census,92721000000106,158371000000111,Any other Mixed background,Any other Mixed or multiple ethnic background,Any other Mixed or multiple ethnic background
285951012,"black - other, mixed",185998001,285951012,Any other Mixed background,Any other Mixed or multiple ethnic background,Any other Mixed or multiple ethnic background
285949013,black - other asian,185996002,285949013,Any other Black background,"Any other Black, African or Caribbean background","Any other Black, Black British or Caribbean background"
405065012,black n african/arab/iranian,270461001,405065012,Any other Black background,Arab,Arab
514651000006112,black e afric asia/indo-caribb,270462008,405066013,Any other Black background,"Any other Black, African or Caribbean background","Any other Black, Black British or Caribbean background"
285930014,black caribbean,185988007,285930014,Caribbean,Caribbean,Caribbean
411576017,black east african asian,275589002,411576017,Any other Black background,"Any other Black, African or Caribbean background","Any other Black, Black British or Caribbean background"
459730016,black - ethnic group,315240009,459730016,African,African,African
411577014,black indo-caribbean,275590006,411577014,Caribbean,Caribbean,Caribbean
411575018,black iranian,275588005,411575018,Any other Black background,"Any other Black, African or Caribbean background","Any other Black, Black British or Caribbean background"
157311000000119,black british - ethnic category 2001 census,110791000000100,157311000000119,African,African,African
411579012,west indian (nmo),275592003,411579012,Caribbean,Caribbean,Caribbean
141401000000117,chinese - ethnic category 2001 census,92511000000107,141401000000117,Chinese,Chinese,Chinese
1968161000006115,asian/asian brit: chinese - eng+wales ethnic cat 2011 census,976851000000107,2485071000000113,Chinese,Chinese,Chinese
1968331000006114,asian/asian british: chinese - ni ethnic cat 2011 census,977751000000101,2486961000000110,Chinese,Chinese,Chinese
1968511000006114,asian: chinese - scotland ethnic category 2011 census,978191000000109,2487851000000117,Chinese,Chinese,Chinese
56590016,chinese,33897005,56590016,Chinese,Chinese,Chinese
1968581000006119,other ethnic grp: arab/arab scot/arab british- scotland 2011,978381000000105,2488261000000116,Any other ethnic group,Arab,Arab
1968211000006112,other ethnic group: arab - eng+wales ethnic cat 2011 census,976951000000102,2485271000000117,Any other ethnic group,Arab,Arab
4740241000006117,british ethnic minority specified (nmo),186006000,2668697019,Any other ethnic group,Any other ethnic group,Any other ethnic group
411581014,north african arab (nmo),275594002,411581014,Any other ethnic group,Arab,Arab
141631000000113,japanese - ethnic category 2001 census,92761000000103,141631000000113,Any other ethnic group,Any other Asian background,Any other Asian background
1968591000006116,other ethnic grp: any other ethnic grp- scotland 2011 census,978401000000105,2488301000000114,Any other ethnic group,Any other ethnic group,Any other ethnic group
138261000000114,iranian - ethnic category 2001 census,89011000000107,138261000000114,Any other ethnic group,Any other ethnic group,Any other ethnic group
286022019,new zealand ethnic group nos,186035008,286006015,Any other ethnic group,Any other ethnic group,Any other ethnic group
286018012,south east asian,186044009,286018012,Any other ethnic group,Any other Asian background,Any other Asian background
937871000006114,"mid east (excl israeli, iranian & arab) - eth cat 2001 cens",94071000000100,142821000000118,Any other ethnic group,Any other ethnic group,Any other ethnic group
141411000000115,other - ethnic category 2001 census,92521000000101,141411000000115,Any other ethnic group,Any other ethnic group,Any other ethnic group
456650013,vietnamese,312859007,456650013,Any other ethnic group,Any other Asian background,Any other Asian background
286017019,other pacific ethnic group,372148003,1210724015,Any other ethnic group,Any other ethnic group,Any other ethnic group
138241000000113,jewish - ethnic category 2001 census,88991000000105,138241000000113,Any other ethnic group,Any other ethnic group,Any other ethnic group
142901000000119,any other group - ethnic category 2001 census,94151000000105,142901000000119,Any other ethnic group,Any other ethnic group,Any other ethnic group
285959014,brit. ethnic minor. spec.(nmo),186006000,285959014,Any other ethnic group,Any other ethnic group,Any other ethnic group
1968221000006116,other ethnic: any other grp - eng+wales eth cat 2011 census,976971000000106,2485311000000117,Any other ethnic group,Any other ethnic group,Any other ethnic group
142881000000117,buddhist - ethnic category 2001 census,94131000000103,142881000000117,Any other ethnic group,Any other ethnic group,Any other ethnic group
141651000000118,malaysian - ethnic category 2001 census,92781000000107,141651000000118,Any other ethnic group,Any other Asian background,Any other Asian background
1968391000006113,other ethnic group: any other grp- ni ethnic cat 2011 census,977871000000100,2487201000000119,Any other ethnic group,Any other ethnic group,Any other ethnic group
937941000006111,mauritian/seychellois/maldivian/st helena eth cat 2001census,94121000000100,142871000000119,Any other ethnic group,Any other ethnic group,Any other ethnic group
1968381000006110,other ethnic group: arab - ni ethnic category 2011 census,977851000000109,2487161000000110,Any other ethnic group,Arab,Arab
405068014,n african arab/iranian (nmo),270464009,405068014,Any other ethnic group,Arab,Arab
138271000000119,south and central american - ethnic category 2001 census,89021000000101,138271000000119,Any other ethnic group,Any other ethnic group,Any other ethnic group
285988010,other ethnic nec (nmo),186005001,285958018,Any other ethnic group,Any other ethnic group,Any other ethnic group
141641000000116,filipino - ethnic category 2001 census,92771000000105,141641000000116,Any other ethnic group,Any other Asian background,Any other Asian background
142841000000113,kurdish - ethnic category 2001 census,94091000000101,142841000000113,Any other ethnic group,Any other ethnic group,Any other ethnic group
138251000000111,arab - ethnic category 2001 census,89001000000105,138251000000111,Any other ethnic group,Arab,Arab
4740261000006118,british ethnic minority unspecified (nmo),186007009,2668698012,Any other ethnic group,Any other ethnic group,Any other ethnic group
142811000000112,north african - ethnic category 2001 census,94061000000107,142811000000112,African,African,African
142851000000111,moroccan - ethnic category 2001 census,94101000000109,142851000000111,Any other ethnic group,Arab,Arab
411582019,iranian (nmo),275595001,411582019,Any other ethnic group,Any other ethnic group,Any other ethnic group
142891000000115,sikh - ethnic category 2001 census,94141000000107,142891000000115,Any other ethnic group,Any other ethnic group,Any other ethnic group
142861000000114,latin american - ethnic category 2001 census,94111000000106,142861000000114,Any other ethnic group,Any other ethnic group,Any other ethnic group
141621000000111,vietnamese - ethnic category 2001 census,92751000000101,141621000000111,Any other ethnic group,Any other Asian background,Any other Asian background
142831000000116,israeli - ethnic category 2001 census,94081000000103,142831000000116,Any other ethnic group,Any other ethnic group,Any other ethnic group
138281000000117,muslim - ethnic category 2001 census,89031000000104,138281000000117,Any other ethnic group,Any other ethnic group,Any other ethnic group
286021014,other new zealand ethnic group,186035008,286006015,Any other ethnic group,Any other ethnic group,Any other ethnic group
285958018,other ethnic non-mixed (nmo),186005001,285958018,Any other ethnic group,Any other ethnic group,Any other ethnic group
459785017,other ethnic group,372148003,1210724015,Any other ethnic group,Any other ethnic group,Any other ethnic group
285960016,brit. ethnic minor. unsp (nmo),186007009,285960016,Any other ethnic group,Any other ethnic group,Any other ethnic group
157351000000115,hindu - ethnic category 2001 census,110831000000107,157351000000115,Any other ethnic group,Any other ethnic group,Any other ethnic group
6270391000006119,ethnic groups (1991 census) (united kingdom),365455004,2982933016,Not stated,Not stated,Not stated
2484511000000112,ethnic category - 2011 census england and wales,976571000000100,2484511000000112,Not stated,Not stated,Not stated
2484551000000111,ethnic category - 2011 census northern ireland,976591000000101,2484551000000111,Not stated,Not stated,Not stated
253628018,o/e - ethnic origin,162730000,253628018,Not stated,Not stated,Not stated
286006015,new zealand ethnic groups,186035008,286006015,Any other ethnic group,Any other ethnic group,Any other ethnic group
649261000006110,ethnic groups (census),397731000,1777341010,Not stated,Not stated,Not stated
286003011,ethnic groups (census) nos,397731000,1777341010,Not stated,Not stated,Not stated
141421000000114,ethnic category not stated - 2001 census,92531000000104,141421000000114,Not stated,Not stated,Not stated
6591911000006117,ethnic groups,397731000,1785939010,Not stated,Not stated,Not stated
2484471000000115,ethnic category - 2011 census,976551000000109,2484471000000115,Not stated,Not stated,Not stated
6591901000006115,ethnicity,397731000,1785938019,Not stated,Not stated,Not stated
6270381000006117,ethnic groups (1991 census) (uk),365455004,2670706014,Not stated,Not stated,Not stated
141291000000111,ethnic category - 2001 census,92381000000106,141291000000111,Not stated,Not stated,Not stated
4740421000006111,ethnicity / related nationality data,186034007,286004017,Not stated,Not stated,Not stated
253627011,o/e - ethnic group,162730000,253627011,Not stated,Not stated,Not stated
2484591000000115,ethnic category - 2011 census scotland,976611000000109,2484591000000115,Not stated,Not stated,Not stated
456651012,ethnic group not given - patient refused,763726001,3643639011,Not stated,Not stated,Not stated
456652017,ethnic group not recorded,312861003,456652017,Not stated,Not stated,Not stated
253635014,o/e - ethnic group nos,162730000,253627011,Not stated,Not stated,Not stated
286005016,ethnicity and other related nationality data,186034007,286005016,Not stated,Not stated,Not stated
6364801000006112,ethnic category,372148003,1785254013,Not stated,Not stated,Not stated
286007012,New Zealand European,186036009,286007012,Any other White background,Any other White background,Any other White background
1551471000000116,Slovak,36329002,3314524013,Any other White background,Any other White background,Any other White background
550541000006110,Chinese,33897005,56590016,Chinese,Chinese,Chinese
1572831000000110,Nepali,718131000000106,1572831000000110,Any other ethnic group,Any other ethnic group,Any other ethnic group
286008019,Pakeha,186036009,286008019,Any other White background,Any other White background,Any other White background
286012013,New Zealand Maori,186039002,286012013,Any other ethnic group,Any other ethnic group,Any other ethnic group
507015012,Samoan,86275006,507015012,Any other ethnic group,Any other ethnic group,Any other ethnic group
286013015,Cook Island Maori,186040000,286013015,Any other ethnic group,Any other ethnic group,Any other ethnic group
504723011,Tongan,81560001,504723011,Any other ethnic group,Any other ethnic group,Any other ethnic group
286014014,Niuean,186041001,286014014,Any other ethnic group,Any other ethnic group,Any other ethnic group
286015010,Tokelauan,186042008,286015010,Any other ethnic group,Any other ethnic group,Any other ethnic group
501416013,Fijian,69865008,501416013,Any other ethnic group,Any other ethnic group,Any other ethnic group
523591000000116,Yemeni,296841000000102,523591000000116,Any other ethnic group,Arab,Arab
308131000000114,Patient ethnicity unknown,202171000000101,308131000000114,Not stated,Not stated,Not stated
286009010,Other European in New Zealand,186037000,286009010,Any other White background,Any other White background,Any other White background
1968121000006114,Mixed multiple ethnic groups: any other Mixed or multiple ethnic background - England and Wales ethnic category 2011 census,976771000000108,2484911000000115,Any other Mixed background,Any other Mixed or multiple ethnic background,Any other Mixed or multiple ethnic background
1968371000006112,Black or African or Caribbean or Black British: other Black or African or Caribbean background - Northern Ireland ethnic category 2011 census,977831000000102,2487121000000119,Any other Black background,"Any other Black, African or Caribbean background","Any other Black, Black British or Caribbean background"
1968201000006114,Black or African or Caribbean or Black British: other Black or African or Caribbean background - England and Wales ethnic category 2011 census,976931000000109,2485231000000119,Any other Black background,"Any other Black, African or Caribbean background","Any other Black, Black British or Caribbean background"
1968561000006112,"Caribbean or Black: Black, Black Scottish or Black British - Scotland ethnic category 2011 census",978341000000102,2488181000000119,Any other Black background,"Any other Black, African or Caribbean background","Any other Black, Black British or Caribbean background"
850671000006119,Traveller - gypsy,40182006,63802019,Any other White background,Gypsy or Irish Traveller,Gypsy or Irish Traveller
2537217015,RACE: White,413773004,2537217015,British,"English, Welsh, Scottish, Northern Irish or British","English, Welsh, Scottish, Northern Irish or British"
196681000006116,RACE: Mixed,414752008,2533847012,White and Black Caribbean,White and Black Caribbean,White and Black Caribbean
196661000006114,RACE: Japanese,414551003,2533843011,Any other ethnic group,Any other Asian background,Any other Asian background
196701000006118,RACE: Oriental,414978006,2533849010,Any other ethnic group,Any other Asian background,Any other Asian background
196671000006119,RACE: Korean,38361009,63432018,Any other ethnic group,Any other Asian background,Any other Asian background
196621000006115,RACE: Arab,90027003,149237014,Any other ethnic group,Arab,Arab
371005013,RACE: Other,103579009,265558016,Any other ethnic group,Any other ethnic group,Any other ethnic group
196731000006114,RACE: Unknown,415794004,2533839012,Not stated,Not stated,Not stated
196691000006118,RACE: Not stated,415226007,2533846015,Not stated,Not stated,Not stated
133078012,Portuguese,80208004,133078012,Any other White background,Any other White background,Any other White background
250222012,European origin,160513005,250222012,Any other White background,Any other White background,Any other White background
250225014,North American origin,160516002,250225014,Any other ethnic group,Any other ethnic group,Any other ethnic group
250226010,South American origin,160517006,250226010,Any other ethnic group,Any other ethnic group,Any other ethnic group
196651000006112,RACE: Chinese,33897005,56590016,Chinese,Chinese,Chinese
1564151000006117,Afghan,1564151000006101,1564151000006117,Any other ethnic group,Any other ethnic group,Any other ethnic group
1564161000006115,Albanian,1564161000006104,1564161000006115,Any other White background,Any other White background,Any other White background
1564181000006113,American,1564181000006109,1564181000006113,Any other ethnic group,Any other ethnic group,Any other ethnic group
1564201000006114,Angolan,1564201000006105,1564201000006114,African,African,African
1564521000006118,Chinese,1564521000006102,1564521000006118,Chinese,Chinese,Chinese
1564731000006113,Filipino,1564731000006109,1564731000006113,Any other ethnic group,Any other Asian background,Any other Asian background
1564801000006113,Ghanaian,1564801000006109,1564801000006113,African,African,African
1564811000006111,Greek,1564811000006107,1564811000006111,Any other White background,Any other White background,Any other White background
1564881000006116,Herzegovinian,1564881000006100,1564881000006116,Any other White background,Any other White background,Any other White background
1564941000006117,Iranian,1564941000006101,1564941000006117,Any other ethnic group,Any other ethnic group,Any other ethnic group
1564951000006115,Iraqi,1564951000006104,1564951000006115,Any other ethnic group,Arab,Arab
1564981000006111,Italian,1564981000006107,1564981000006111,Any other White background,Any other White background,Any other White background
1565011000006116,Japanese,1565011000006100,1565011000006116,Any other ethnic group,Any other Asian background,Any other Asian background
1565071000006113,Korean (North),1565071000006109,1565071000006113,Any other ethnic group,Any other Asian background,Any other Asian background
1565081000006111,Korean (South),1565081000006107,1565081000006111,Any other ethnic group,Any other Asian background,Any other Asian background
1565131000006111,Lebanese,1565131000006107,1565131000006111,Any other ethnic group,Arab,Arab
1565151000006116,Libyan,1565151000006100,1565151000006116,Any other ethnic group,Arab,Arab
1565321000006110,Moroccan,1565321000006106,1565321000006110,Any other ethnic group,Arab,Arab
1565511000006113,Portuguese,1565511000006109,1565511000006113,Any other White background,Any other White background,Any other White background
1565651000006110,Sierra Leonean,1565651000006106,1565651000006110,African,African,African
1565661000006112,Singaporean,1565661000006108,1565661000006112,Any other ethnic group,Any other Asian background,Any other Asian background
1565691000006116,Solomon Islander,1565691000006100,1565691000006116,Any other ethnic group,Any other ethnic group,Any other ethnic group
1565701000006116,Somali,1565701000006100,1565701000006116,African,African,African
1573201000006119,Portuguese,1573201000006103,1573201000006119,Any other White background,Any other White background,Any other White background
2615361000000115,Slovak Roma,718961001,3314522012,Any other White background,Any other White background,Roma
2615461000000111,Czech Roma,718959005,3314516015,Any other White background,Any other White background,Roma
2615531000000117,Hungarian Roma,718963003,3314530013,Any other White background,Any other White background,Roma
2615571000000115,Polish Roma,718964009,3314534016,Any other White background,Any other White background,Roma
2615611000000112,Romanian Roma,718960000,3314520016,Any other White background,Any other White background,Roma
2615691000000115,Bulgarian Roma,718962008,3314526010,Any other White background,Any other White background,Roma
6260901000006118,Ethnic group,364699009,487864014,Not stated,Not stated,Not stated
7779801000006116,Roma,718958002,3314514017,Any other White background,Any other White background,Roma
250227018,Australian origin,160518001,NA,Any other ethnic group,Any other ethnic group,Any other ethnic group
250229015,Middle Eastern origin,160520003,NA,Any other ethnic group,Any other ethnic group,Any other ethnic group
250230013,Far Eastern origin,160521004,NA,Any other ethnic group,Any other Asian background,Any other Asian background
1158211000000111,Romanian,445343003,NA,Any other White background,Any other White background,Any other White background
1158301000000115,Bulgarian,29343004,NA,Any other White background,Any other White background,Any other White background
1160331000000119,Czech,286009,NA,Any other White background,Any other White background,Any other White background
6846391000006112,Caucasoid race,413773004,NA,British,"English, Welsh, Scottish, Northern Irish or British","English, Welsh, Scottish, Northern Irish or British"
12009371000006110,Patient declined to provide information about ethnic group,763726001,NA,Not stated,Not stated,Not stated
